Stn Number,Latitude,Longitude,Elevation,First Year,Last Year,Number of Years,Stn Name
001012,-14.7925,125.8258,315,1969,2002,34,MITCHELL PLATEAU
001018,-16.4181,126.1025,546,1993,2012,20,MOUNT ELIZABETH
001021,-14.2961,126.6431,23,1970,1998,29,KALUMBURU MISSION
001025,-15.3797,126.3114,385,1996,2011,16,DOONGAN
002009,-16.4203,126.4411,488,1963,2008,46,GIBB RIVER
002012,-18.2292,127.6636,422,1955,2011,57,HALLS CREEK AIRPORT
002014,-15.6547,128.7092,31,1953,2011,59,KIMBERLEY RES.STATION
002020,-18.1894,127.5011,430,1997,2011,15,MOOLA BULLA
002021,-18.3869,126.9892,300,1964,2011,48,MOUNT AMHURST
002022,-18.016,126.3033,180,2000,2011,12,MOUNT WINIFRED
002026,-18.5958,127.6419,450,1997,2010,14,RUBY PLAINS
002030,-17.2964,126.915,450,1998,2008,11,YULMBU
002043,-18.3368,126.1243,160,1999,2008,10,MOUNT KRAUSS
002050,-17.7842,127.6853,420,1997,2008,12,SPRINGVALE
003003,-17.9475,122.2353,7.4,1948,2011,64,BROOME AIRPORT
003006,-18.1919,125.5644,114,1963,1983,21,FITZROY CROSSING COMP.
003017,-17.0514,125.7056,270,1964,2001,38,MOUNT HOUSE STATION
003032,-17.3706,123.6611,6.2,1972,1981,10,DERBY AERO
003040,-17.9903,124.1922,45,1963,2002,40,CAMBALLIN
003051,-16.7372,125.9086,401,1983,2008,26,MOUNT BARNETT
003094,-17.4211,124.9247,95,1997,2009,13,WINDJANA GORGE
004032,-20.3725,118.6317,6.4,1953,2011,59,PORT HEDLAND AIRPORT
004035,-20.7767,117.1456,12,1966,2011,46,ROEBOURNE
004041,-20.8503,120.695,159,1997,2011,15,WARRAWAGINE
005003,-22.8975,120.1733,425,1963,1984,22,ETHEL CREEK
005007,-22.2406,114.0967,5,1975,2011,37,LEARMONTH AIRPORT
005009,-22.6331,119.4081,430,1998,2011,14,MARILLANA
005016,-21.6364,115.1117,4,1975,2001,27,ONSLOW
005061,-20.7278,116.7483,6,1969,1993,25,DAMPIER SALT
005067,-22.0894,115.6239,80,1973,1982,10,CANE RIVER
005069,-21.6392,116.3308,200,1971,2011,41,PANNAWONICA
006011,-24.8878,113.67,4,1956,2011,56,CARNARVON AIRPORT
006022,-25.0544,115.21,144,1987,2011,25,GASCOYNE JUNCTION
006072,-23.0314,115.0414,111,1972,2010,39,EMU CREEK STATION
007019,-24.0019,119.5725,600,1998,2011,14,BULLOO DOWNS
007045,-26.6136,118.5372,517,1953,2011,59,MEEKATHARRA AIRPORT
007057,-28.0619,117.8503,426,1968,1997,30,MOUNT MAGNET
007059,-24.2297,118.2408,350,1998,2011,14,MOUNT VERNON
007062,-23.7942,120.2442,571,1963,1981,19,MUNDIWINDI
007064,-27.3636,116.4261,303,1963,1986,24,MURGOO
007080,-25.1256,119.1514,520,1968,2011,44,THREE RIVERS
007083,-23.6239,118.6561,530,1998,2011,14,TUREE CREEK
007091,-28.3392,116.6828,318,1963,1978,16,YALGOO
007100,-25.6933,118.0803,487,1998,2010,13,MOUNT PADBURY
007132,-25.0964,117.5922,472,1964,2011,48,MOUNT CLERE
007161,-25.4628,117.1364,450,1970,1985,16,ERRABIDDY
007165,-24.9483,118.7147,540,1998,2011,14,MINGAH SPRINGS
007191,-23.4531,119.7994,532,1984,2006,23,CAPRICORN ROADHOUSE
008051,-28.7953,114.6975,33,1953,2011,59,GERALDTON AIRPORT COMPARISON
008138,-30.8408,116.7267,305,1952,2010,59,WONGAN HILLS RES.STATION
008267,-28.3517,114.5778,60,1974,1989,16,NOKANENA
009021,-31.9275,115.9764,15.4,1961,2011,51,PERTH AIRPORT
009034,-31.9556,115.8697,19,1946,1992,47,PERTH REGIONAL OFFICE
009053,-31.6669,116.0189,40,1984,2011,28,PEARCE RAAF
009067,-31.7564,116.0222,15,1964,1991,28,UPPER SWAN RESEARCH STATION
009073,-32.3733,116.0581,200,1954,1992,39,SERPENTINE PIPE HEAD
009186,-31.7858,115.7772,17,1979,1992,14,BEENYUP
009194,-32.2208,115.8075,14,1983,2011,29,MEDINA RESEARCH CENTRE
009509,-32.8053,116.4711,213,1998,2008,11,BODDINGTON SHIRE
009510,-33.9575,116.1375,149.9,1963,2011,49,BRIDGETOWN COMPARISON
009538,-32.7103,116.0594,267,1953,2011,59,DWELLINGUP
009592,-34.4478,116.0433,174,1963,2011,49,PEMBERTON
009631,-33.6031,121.7828,158,1963,1991,29,ESPERANCE DOWNS RESEARCH STN
009741,-34.9414,117.8022,68,1965,2011,47,ALBANY AIRPORT COMPARISON
009771,-33.7411,115.4697,60,1998,2008,11,YOONGARILLUP
009789,-33.83,121.8925,25,1969,2011,43,ESPERANCE
009843,-34.4417,116.9944,230,1975,1986,12,FRANKLAND VINEYARDS
009873,-32.6492,116.0383,280,1989,2010,22,SOUTH DANDALUP DAM
009965,-33.3567,115.6447,5.2,1996,2008,13,BUNBURY
009971,-33.7844,115.4075,120,1998,2011,14,ACTON PARK
010092,-31.4756,118.2789,315,1966,2011,46,MERREDIN
010093,-31.4994,118.2242,318,1963,1985,23,MERREDIN RESEARCH STATION
010244,-31.7469,116.4561,330,1974,1985,12,BAKERS HILL
010308,-31.55,116.4867,150,1995,2008,14,TOODYAY EAST
010310,-31.7718,116.3263,295,1996,2006,11,WERRIBEE
010527,-32.3756,117.5128,250,2000,2011,12,BULYEE
010536,-32.3292,117.8733,295,1996,2011,16,CORRIGIN
010614,-32.9342,117.1797,338,1963,2005,43,NARROGIN
010622,-33.9644,118.4889,286,1968,2011,44,ONGERUP
010655,-33.0269,116.8792,260,1999,2011,13,WILLIAMS
010795,-32.1178,116.8678,200,1960,2012,53,AVONDALE FARM
011003,-31.6797,128.8792,93.1,1995,2011,17,EUCLA
011004,-30.8389,128.1139,156,1960,1995,36,FORREST AERO
012038,-30.7847,121.4533,365.3,1939,2011,73,KALGOORLIE-BOULDER AIRPORT
012046,-28.8836,121.3303,376,1963,2011,49,LEONORA
013017,-25.0341,128.301,598,1956,2010,55,GILES METEOROLOGICAL OFFICE
014015,-12.4239,130.8925,30.4,1953,2011,59,DARWIN AIRPORT
014042,-12.3263,133.0581,6.7,1996,2009,14,OENPELLI
014142,-11.4022,130.4217,18.3,1997,2010,14,PIRLANGIMPI
014153,-11.1538,132.143,5,1996,2010,15,BLACK POINT
014198,-12.6594,132.8939,26.5,1971,2010,40,JABIRU AIRPORT
014227,-12.3887,130.9248,16,1992,2010,19,KARAMA
014253,-13.1672,130.1225,3,1997,2011,15,CHANNEL POINT
014272,-13.0545,131.0252,104,2001,2012,12,BATCHELOR AERO
014400,-12.0482,134.2263,11,1969,2003,35,MANINGRIDA
014401,-11.6502,133.3796,19.2,1997,2010,14,WARRUWI
014507,-13.8483,136.4198,20,1996,2011,16,ALYANGULA POLICE
014508,-12.2741,136.8203,51.6,1966,2012,47,GOVE AIRPORT
014612,-15.5748,133.2137,180,1996,2010,15,LARRIMAH
014626,-16.2636,133.3782,209.8,1953,2011,59,DALY WATERS AWS
014646,-14.8528,134.036,58,1997,2010,14,FLYING FOX
014703,-15.7426,136.8192,12.2,1988,2010,23,CENTRE ISLAND
014704,-16.4423,136.076,40,1984,2011,28,MCARTHUR RIVER MINE
014707,-17.2122,137.9462,60,1997,2011,15,WOLLOGORANG
014806,-16.4155,132.0857,209,1997,2011,15,BIRRIMBA
014840,-17.3871,131.1166,196,1996,2011,16,WAVE HILL
014847,-16.1176,130.9558,100,1998,2011,14,KIDMAN SPRINGS
014850,-15.6614,130.4808,20.1,1996,2011,16,TIMBER CREEK
014903,-14.4437,132.2737,108,1996,2012,17,KATHERINE AVIATION MUSEUM
014904,-14.4833,132.25,120.1,1953,1968,16,KATHERINE EXP. FARM
014908,-13.6817,130.6367,15,1966,1981,16,WOOLIANA
014932,-14.5229,132.3826,133.6,2001,2012,12,TINDAL RAAF
014938,-13.7379,130.6834,15.2,1980,2010,31,MANGO FARM
014960,-13.8242,131.8321,205.5,2000,2011,12,PINE CREEK COUNCIL
015085,-18.637,135.945,218,1968,2011,44,BRUNETTE DOWNS
015131,-17.5551,133.5439,220,1988,2010,23,ELLIOTT
015135,-19.6423,134.1833,375.7,1969,2011,43,TENNANT CREEK AIRPORT
015502,-21.0025,134.4029,375,1988,2010,23,ALI CURUNG
015511,-25.3139,131.7571,489.6,1999,2011,13,CURTIN SPRINGS
015519,-24.7496,133.2316,418,1996,2011,16,PALMER VALLEY
015525,-21.5317,133.8901,510.5,1996,2011,16,BARROW CREEK
015528,-22.2562,131.8017,667,1996,2011,16,YUENDUMU
015534,-21.9041,136.0741,326,1996,2009,14,OORATIPPRA
015542,-21.8481,133.1228,556,1996,2010,15,ANNINGIE
015543,-22.6459,133.3457,684,1996,2011,16,AILERON
015548,-20.1883,130.0161,340,1969,1996,28,RABBIT FLAT
015553,-23.5092,133.2677,594,1995,2011,17,HAMILTON DOWNS
015557,-24.3996,132.4524,518,1997,2011,15,TEMPE DOWNS
015564,-23.8757,133.4704,598,1998,2012,15,OWEN SPRINGS
015577,-22.4515,134.8189,503,1996,2010,15,DELMORE DOWNS
015579,-24.0137,135.4268,343,1996,2011,16,NUMERY
015590,-23.7951,133.889,546,1951,2011,61,ALICE SPRINGS AIRPORT
015594,-23.4564,134.6849,661,2000,2012,13,ARLTUNGA
015602,-22.9494,136.1442,328,1968,2012,45,JERVOIS
015603,-25.8428,133.3027,508.6,1996,2011,16,KULGERA
015604,-22.441,136.2916,311.1,1996,2009,14,LUCY CREEK
015605,-25.5607,134.071,330,1996,2010,15,LILLA CREEK
015618,-22.2741,137.973,168.4,1996,2009,14,TOBERMOREY
015633,-24.0636,132.7444,520,1998,2012,15,PALM VALLEY
015643,-22.4518,133.6377,565.6,1996,2011,16,TERRITORY GRAPE FARM
015652,-24.2914,131.5488,614,1996,2011,16,WATARRKA
015660,-25.3602,131.0196,530,1997,2009,13,ULURU RANGERS
015666,-20.1824,130.0148,340,1996,2012,17,RABBIT FLAT
016001,-31.1558,136.8054,166.6,1955,2010,56,WOOMERA AERODROME
016032,-32.5226,136.4926,200,1973,2012,40,NONNING
016085,-27.3002,133.6201,323,1985,2011,27,MARLA POLICE STATION
016090,-29.0347,134.7222,225,2000,2011,12,COOBER PEDY AIRPORT
016096,-30.4829,136.8772,98.5,2000,2011,12,ROXBY DOWNS (OLYMPIC DAM AERODROME)
016097,-26.2635,132.1771,703.2,2001,2010,10,ERNABELLA (PUKATJA)
016098,-30.7051,134.5786,123,2000,2010,11,TARCOOLA AERO
017043,-27.5553,135.4456,116.5,1961,2010,50,OODNADATTA AIRPORT
017070,-26.0702,135.2471,150,2000,2012,13,MOUNT DARE
017096,-28.1125,140.2102,39,1972,2000,29,MOOMBA
017107,-30.5925,138.4053,250,1972,1988,17,LEIGH CREEK SOUTH
017123,-28.0997,140.1956,37.8,2000,2011,12,MOOMBA AIRPORT
017126,-29.6587,138.0684,50,2000,2010,11,MARREE AERO
018012,-32.1297,133.6976,15.3,1954,2011,58,CEDUNA AMO
018052,-32.8361,135.15,168,1973,1997,25,MINNIPA AGRICULTURAL CENTRE
018083,-33.043,135.4519,86.4,2001,2011,11,WUDINNA AERO
018106,-31.4492,130.8976,64,2001,2010,10,NULLARBOR
018116,-33.7081,136.5026,175,1962,2010,49,CLEVE AERODROME
018120,-33.0539,137.5205,6.5,2000,2010,11,WHYALLA AERO
018139,-33.5085,135.2928,37,1967,2005,39,POLDA (GUM VIEW)
018181,-34.4906,135.8511,95,1973,1994,22,PORT LINCOLN (TOD RIVER)
018191,-34.3749,135.3741,28,2000,2010,11,COULTA (COLES POINT)
018192,-34.5993,135.8784,8.5,2000,2010,11,NORTH SHIELDS (PORT LINCOLN AWS)
018195,-32.8427,135.1515,165,1997,2011,15,MINNIPA PIRSA
020028,-33.7622,140.1251,57,2000,2011,12,GLUEPOT RESERVE (GLUEPOT)
020062,-32.5707,139.5645,300,2000,2011,12,YUNTA AIRSTRIP
021060,-33.2025,138.6024,453,1951,2010,60,JAMESTOWN PIRSA
021133,-33.7676,138.2182,109.1,2000,2011,12,SNOWTOWN (RAYVILLE PARK)
022031,-34.748,137.5276,32,2001,2011,11,MINLATON AERO
022041,-35.0319,137.0951,62,1973,2004,32,WHITE HUT
022046,-35.1121,137.7395,6,1999,2011,13,EDITHBURGH
022049,-35.2795,136.9392,42,1999,2011,13,STENHOUSE BAY
022801,-35.7529,136.5938,143,1974,2007,34,CAPE BORDA COMPARISON
022814,-35.8,137.3333,155,1960,1984,25,PARNDANA EAST RESEARCH STATION
022816,-35.7734,137.033,232,1973,2001,29,PARNDANA (ALLANDALE)
022841,-35.7114,137.5231,6.2,2002,2012,11,KINGSCOTE AERO
023000,-34.9254,138.5869,40,1897,1979,83,ADELAIDE WEST TERRACE
023013,-34.7977,138.6281,9.5,1972,2011,40,PARAFIELD AIRPORT
023027,-34.8744,138.6858,85,1988,2003,16,ADELAIDE (THORNDON PARK)
023031,-34.9697,138.6331,115,1963,1979,17,ADELAIDE (WAITE INSTITUTE)
023034,-34.9524,138.5204,2,1967,2011,45,ADELAIDE AIRPORT
023083,-34.7111,138.6222,16.5,1979,2010,32,EDINBURGH RAAF
023090,-34.9211,138.6216,48,1977,2011,35,ADELAIDE (KENT TOWN)
023122,-34.5106,138.6763,65,1999,2012,14,ROSEWORTHY AWS
023321,-34.4767,139.0047,274,1970,1998,29,NURIOOTPA COMPARISON
023343,-34.5519,138.8342,116,1958,2010,53,ROSEDALE (TURRETFIELD RESEARCH CENTRE)
023373,-34.4761,139.0056,275,1999,2011,13,NURIOOTPA VITICULTURAL
023735,-35.3497,138.6223,232,1998,2011,14,MOUNT COMPASS
023763,-34.7122,138.9469,395,1970,2011,42,MOUNT CRAWFORD FOREST HEADQUARTERS
023785,-35,138.7167,496,1964,1985,22,STIRLING POST OFFICE
023801,-34.9482,138.8071,480,1972,2011,40,LENSWOOD RESEARCH CENTRE
023804,-35.5544,138.5997,8,2001,2012,12,VICTOR HARBOR (ENCOUNTER BAY)
023823,-35.4123,138.5751,248,1973,2011,39,HINDMARSH VALLEY (FERNBROOK)
023824,-35.4428,138.5444,410,1973,2011,39,HINDMARSH VALLEY (SPRINGMOUNT)
023838,-35.4156,138.6764,192,1978,1998,21,MOUNT COMPASS (MARSHALL BRAE)
023843,-35.0266,138.7133,470,1985,2011,27,HEATHFIELD WORKS DEPOT
023875,-35.5695,138.2864,341,1999,2011,13,PARAWA (SECOND VALLEY FOREST AWS)
024023,-34.4333,140.6,66,1972,1984,13,LOXTON RESEARCH CENTRE
024024,-34.439,140.5978,30.1,1976,2011,36,LOXTON RESEARCH CENTRE
024048,-34.1983,140.6766,31.5,2001,2011,11,RENMARK AERO
024515,-35.2959,139.0328,18,1973,2011,39,LANGHORNE CREEK
025507,-36.098,140.3556,29,1989,2004,16,KEITH
025549,-36.1167,140.3667,31,1972,1989,18,KEITH E&WS
026013,-36.8803,140.9286,95,1972,1995,24,KYBYBOLITE RESEARCH CENTRE
026021,-37.7473,140.7739,63,1942,2012,71,MOUNT GAMBIER AERO
026049,-36.0582,139.5913,4,1972,2010,39,POLICEMAN POINT
026070,-37.2667,140.1167,11,1970,1981,12,KONETTA E&WS
026082,-37.0951,140.7911,65,1974,2011,38,STRUAN
026089,-36.5958,140.4864,37,1982,2000,19,PADTHAWAY
026091,-37.2906,140.8254,57,1985,2011,27,COONAWARRA
026099,-36.9813,140.727,49.7,2000,2011,12,NARACOORTE AERODROME
026100,-36.6539,140.5212,37,2001,2011,11,PADTHAWAY SOUTH
027006,-13.7642,143.1178,160.5,1967,2002,36,COEN AIRPORT EVAP
027022,-10.5853,142.21,57.6,1961,1993,33,THURSDAY ISLAND MO
027042,-12.6267,141.8836,20,1964,2011,48,WEIPA EASTERN AVE
027045,-12.6778,141.9208,18,1995,2011,17,WEIPA AERO
028000,-15.5581,144.4453,95,1972,2010,39,LAURA POST OFFICE
028004,-16.0008,144.0758,203.8,1966,1999,34,PALMERVILLE
028008,-12.785,143.3047,18.5,2001,2011,11,LOCKHART RIVER AIRPORT
029009,-20.6717,140.5083,189,1953,1975,23,CLONCURRY AERO
029041,-17.6706,141.0672,8.4,1964,1999,36,NORMANTON POST OFFICE
029063,-17.6872,141.0733,18.4,2001,2011,11,NORMANTON AIRPORT
029127,-20.6778,139.4875,340.3,1967,2010,44,MOUNT ISA AERO
029130,-20.9542,139.5861,339,1970,1989,20,MIM RIFLE CREEK
029141,-20.6664,140.505,186,1997,2010,14,CLONCURRY AIRPORT
030014,-18.5189,144.0914,458,1965,2008,44,EINASLEIGH TOWNSHIP
030018,-18.2922,143.5483,291.7,1975,2008,34,GEORGETOWN POST OFFICE
030041,-20.8708,144.6,432.2,1966,1983,18,PRAIRIE POST OFFICE
030045,-20.7289,143.1425,211.1,1968,2011,44,RICHMOND POST OFFICE
030051,-20.7691,145.0211,465,1983,2011,29,TORRENS CREEK
030061,-18.6836,144.7446,512,1964,2011,48,CONJUBOY STATION
030082,-19.7037,144.3775,760,1972,2011,40,GREGORY SPRINGS STATION
030112,-18.8242,143.2531,309,1994,2006,13,NORTH HEAD
030140,-17.1536,144.5236,364,1968,2010,43,CHILLAGOE
030161,-20.7017,143.1167,206.3,1997,2012,16,RICHMOND AIRPORT
031011,-16.8736,145.7458,2.2,1942,2010,69,CAIRNS AERO
031016,-15.4633,145.25,6,1966,1987,22,COOKTOWN POST OFFICE
031017,-15.4486,145.1861,14,1987,2002,16,COOKTOWN MISSION STRIP
031034,-17.2186,145.565,717,1952,2011,60,KAIRI RESEARCH STATION
031046,-17.677,145.115,658,1972,2011,40,MT GARNET POST OFFICE
031053,-17.6069,145.4811,912,1969,2011,43,RAVENSHOE KURADILLA STREET
031055,-16.4728,145.3747,30,1917,1962,46,MOSSMAN SOUTH ALCHERA DRIVE
031066,-16.995,145.4253,400,1952,2002,51,MAREEBA QWRC
031083,-17.84,145.5956,760,1960,2010,51,KOOMBOOLOOMBA DAM
031204,-16.5261,145.4628,15,1996,2011,16,REEF PARK
031210,-17.0672,145.4283,471.9,2001,2010,10,MAREEBA AIRPORT
032004,-18.2544,146.0192,5,1972,2010,39,CARDWELL MARINE PDE
032021,-17.5167,146.0167,27,1961,1986,26,GOONDI MILL CSR
032037,-17.6053,145.9972,18.3,1969,2010,42,SOUTH JOHNSTONE EXP STN
032040,-19.2483,146.7661,4.3,1953,2011,59,TOWNSVILLE AERO
032042,-17.9364,145.9253,18.8,1972,2011,40,TULLY SUGAR MILL
032043,-18.7218,145.9237,62,1972,2010,39,UPPER STONE EXELBY
032050,-19.2033,146.6131,9,1990,2010,21,YABULU QLD NICKEL
032063,-19.1648,145.4199,384,1963,2010,48,BLUE RANGE
032064,-19.0074,146.2057,892,1964,2010,47,PALUMA IVY COTTAGE
032078,-18.6494,146.1769,11.8,1972,2010,39,INGHAM COMPOSITE
032086,-18.5225,146.0019,20,1975,2003,29,ABERGOWRIE BRIDGE
033002,-19.6169,147.3758,17,1951,2011,61,AYR DPI RESEARCH STN
033013,-20.5533,147.8464,196,1963,2010,48,COLLINSVILLE POST OFFICE
033021,-21.2667,148.9667,35,1970,1986,17,ETON POLICE STATION
033061,-20.4,148.5833,13,1969,1988,20,PROSERPINE POST OFFICE
033068,-21.1631,148.87,43,2000,2011,12,MIRANI MARY STREET
033087,-21.5286,149.0006,193,1963,2010,48,BARNGANAL BLUE MOUNTAIN
033090,-20.0464,147.2739,45.4,1968,1993,26,MILLAROO DPI
033119,-21.1172,149.2169,30.3,1959,2010,52,MACKAY M.O
033146,-21.4447,148.5306,280,1970,1998,29,HOMEVALE STATION
033152,-21.1558,148.8692,50,1970,2000,31,MIRANI
033172,-21.2042,148.5436,768,1972,2010,39,CREDITON
033247,-20.4925,148.555,19.7,1988,2010,23,PROSERPINE AIRPORT
033256,-22.1978,150.0928,17,1986,2008,23,LANGHAM
033257,-20.0151,148.2152,5,1987,2011,25,BOWEN AIRPORT
034002,-20.0781,146.2614,309.8,1964,1995,32,CHARTERS TOWERS POST OFFICE
034036,-20.175,146.3128,260,1972,1991,20,OAKMEADOWS
034038,-21.9947,148.0308,260,1986,2010,25,MORANBAH WATER TREATMENT PLANT
034084,-20.0464,146.2708,289.8,1993,2011,19,CHARTERS TOWERS AIRPORT
034099,-21.8948,148.6034,180,1998,2011,14,MT FLORA
035000,-23.65,146.6406,355,1963,2011,49,ALPHA POST OFFICE
035010,-22.6522,147.5583,341,1972,2010,39,BLAIR ATHOL
035025,-23.6455,149.3308,110,1963,2010,48,DINGO POST OFFICE
035029,-26.3564,150.0464,318,1972,2011,40,GILIGULGUL
035059,-24.4619,148.6261,214,1987,2010,24,ROLLESTON
035065,-24.123,148.0856,344.5,1969,2011,43,SPRINGSURE COMET ST
035069,-24.8819,146.2564,395.1,1963,2012,50,TAMBO POST OFFICE
035070,-25.6408,149.7958,199,1972,2011,40,TAROOM POST OFFICE
035090,-24.9586,148.3744,306,1972,2010,39,REWAN STATION
035098,-23.5,148.15,180,1962,1983,22,EMERALD DPI TOWN SITE
035104,-22.4,147.5333,327,1963,1982,20,KILMACOLM
035147,-23.4669,148.1519,188,1983,2009,27,EMERALD DPI FIELD STATION
035149,-24.8353,149.8003,168,2000,2011,12,BRIGALOW RESEARCH STN
035264,-23.5694,148.1756,189.4,1992,2011,20,EMERALD AIRPORT
035267,-22.4269,147.5483,319,1983,2011,29,COOVIN
036026,-24.2591,144.4406,203,1974,2011,38,ISISFORD POST OFFICE
036031,-23.4372,144.2769,192.2,1964,2010,47,LONGREACH AERO
036046,-21.6291,145.1166,282,1971,2011,41,TIREE
036047,-21.95,146.9517,195,1965,1985,21,TWIN HILLS POST OFFICE
037010,-19.9225,138.1214,231.2,1964,1997,34,CAMOOWEAL TOWNSHIP
037051,-22.3908,143.0386,181.9,1964,2012,49,WINTON POST OFFICE
038003,-22.9117,139.9039,161.8,1964,2011,48,BOULIA AIRPORT
038024,-25.4228,142.6564,126.3,1964,2012,49,WINDORAH POST OFFICE
038026,-25.8975,139.3472,46.6,2000,2011,12,BIRDSVILLE AIRPORT
039006,-24.3789,150.5164,175,1937,1996,60,BILOELA DPI
039061,-24.0428,150.8211,100,1975,1994,20,MANNERSLEY
039069,-23.6286,150.3867,248,1972,2011,40,WALTERHALL
039070,-25.1694,151.6375,165,1974,2010,37,MT PERRY THE PINES
039083,-23.3753,150.4775,10.4,1939,2011,73,ROCKHAMPTON AERO
039089,-24.4935,150.5709,193.1,1997,2011,15,THANGOOL AIRPORT
039090,-24.9503,150.0725,142,1951,1990,40,THEODORE DPI
039104,-24.8642,151.1247,239,1963,2011,49,MONTO TOWNSHIP
039123,-23.8553,151.2628,74.5,1961,2011,51,GLADSTONE RADAR
039128,-24.9069,152.323,30.8,1963,2011,49,BUNDABERG AERO
039140,-24.5333,151.3833,126,1966,1984,19,BUILYAN FORESTRY
039171,-25.6875,150.8689,260,1969,1997,29,NARAYEN RES STN
039297,-24.5272,151.3814,131,1984,2012,29,BUILYAN GUM STREET
039303,-25.2558,152.2819,95,1979,2012,34,CHILDERS SOUTH
039314,-24.1568,151.8889,41,1986,2011,26,SEVENTEEN SEVENTY
039330,-24.8931,151.0997,230.9,1993,2005,13,MONTO AIRPORT
039334,-24.0213,150.9603,66,1994,2011,18,HAZELDEAN
040004,-27.6297,152.7111,24.2,1961,2011,51,AMBERLEY AMO
040014,-28.0206,153.0131,106,1967,2011,45,BEAUDESERT CRYNA
040019,-26.9,152.15,442,1961,1988,28,BENARKIN FOREST STATION
040059,-26.4181,152.9128,110,1971,2012,42,COOROY COMPOSITE
040062,-26.8094,152.87,200,1960,2000,41,CROHAMHURST
040063,-27.1967,152.8244,68,1969,1998,30,DAYBORO POST OFFICE
040076,-27.1533,152.1683,501,1972,1989,18,ESK DALE WEST
040082,-27.5436,152.3375,89,1956,2011,56,UNIVERSITY OF QUEENSLAND GATTON
040093,-26.1831,152.6414,64.5,1963,2011,49,GYMPIE
040094,-27.8106,152.6653,61,1971,2011,41,HARRISVILLE POST OFFICE
040101,-27.6117,152.7608,39.9,1975,1994,20,IPSWICH
040102,-26.6639,152.4608,513,1972,2000,29,JIMNA COMPOSITE
040106,-26.5956,152.7281,107,1981,2010,30,KENILWORTH TOWNSHIP
040111,-26.0858,152.2381,159,1971,2011,41,KILKIVAN POST OFFICE
040112,-26.5544,151.8456,441.9,1963,2001,39,KINGAROY PRINCE STREET
040121,-26.7528,152.8519,425,2002,2011,10,MALENY TAMARIND ST
040126,-25.5161,152.7156,10.3,1964,2011,48,MARYBOROUGH
040133,-26.695,152.3967,243,1963,1977,15,MONSILDALE
040135,-28.0302,152.5529,183,1964,2011,48,MOOGERAH DAM
040152,-26.2422,151.9425,314,1972,2008,37,MURGON POST OFFICE
040160,-28.0092,153.3175,25,1970,2001,32,NERANG GILSTON RD
040166,-27.8965,153.3128,6,1998,2011,14,OXENFORD (OBERON WAY)
040178,-28.2111,152.865,101,1965,2012,48,RATHDOWNEY POST OFFICE
040180,-27.2517,153.1008,10,1963,1989,27,MARGATE COLLINS ST
040189,-27.1147,152.555,113,1936,1969,34,SOMERSET DAM
040192,-28.2264,153.2786,806,1965,2003,39,SPRINGBROOK FORESTRY
040197,-27.9695,153.1954,515,1972,2011,40,MT TAMBORINE FERN ST
040211,-27.5717,153.0078,12.5,1948,1992,45,ARCHERFIELD AIRPORT
040214,-27.4778,153.0306,38,1908,1994,87,BRISBANE REGIONAL OFFICE
040222,-27.4118,153.0457,18,1971,2009,39,KALINGA BOWLS CLUB
040223,-27.4178,153.1142,4,1949,2000,52,BRISBANE AERO
040241,-27.3617,152.8861,52.7,1967,2003,37,SAMFORD CSIRO
040265,-27.5278,153.25,16,1964,2012,49,REDLANDS HRS
040270,-27.3628,152.1594,608,1965,1996,32,RAVENSBOURNE
040282,-26.6431,152.9392,32.5,1954,2008,55,NAMBOUR DPI
040308,-27.3342,152.7717,618,1968,2012,45,MT GLORIOUS FAHEY RD
040312,-27.7354,152.9443,69,1973,2011,39,NEW BEITH
040318,-27.0258,152.5642,103.6,1959,1990,32,KIRKLEAGH
040382,-27.2711,152.0642,585,1965,1981,17,CROWS NEST
040386,-26.5892,152.7322,85,1963,1981,19,KENILWORTH BRIDGE
040405,-25.322,152.8817,13,2002,2011,10,HERVEY BAY AIRPORT
040406,-27.7094,153.2014,31,1967,2003,37,BEENLEIGH BOWLS CLUB
040428,-25.655,151.745,131,1995,2011,17,BRIAN PASTURES
040451,-25.9963,152.8335,49,1973,2011,39,TOOLARA FORESTRY
040454,-27.8333,153,20,1971,1982,12,GLENLOGAN FIELD STATION
040458,-27.5314,153.1825,28,1971,2012,42,CAPALABA WATER TREAT
040459,-27.5,153.1,20,1971,1989,19,CARINA BCC DONALDSON RD
040460,-27.6081,153.2381,56,1971,2011,41,MOUNT COTTON FARM
040461,-27.3947,152.9308,63,1971,2006,36,FERNY HILLS AUST WOOLSHED
040469,-25.8694,152.3172,77,1972,2011,40,MARODIAN HOMESTEAD
040496,-26.785,153.1147,57,1972,2011,40,CALOUNDRA WTP
040537,-27.4973,153.4078,17,1984,2010,27,DUNWICH
040553,-26.8425,153.0261,30,1973,1983,11,BEERWAH CSIRO RES STN
040584,-28.0481,153.2875,110.7,1974,2011,38,HINZE DAM
040606,-28.1056,153.3286,128,1974,2011,38,UPPER MUDGEERABA WATER
040608,-28.0039,153.4008,6,1974,1990,17,BENOWA WATER TREAT
040609,-28.1178,153.4457,4,1974,2011,38,ELANORA WATER TREATMENT PLANT
040651,-26.6644,152.4606,523,2001,2012,12,JIMNA FORESTRY
040659,-27.6956,152.9408,77,1975,2011,37,GREENBANK THOMPSON ROAD
040674,-26.6614,152.2003,219,1977,2011,35,MT STANLEY STATION
040677,-28.1752,152.6557,231,1977,2011,35,MAROON DAM
040697,-27.245,153.1006,25,1989,2004,16,REDCLIFFE COUNCIL
040715,-27.6473,153.1718,32,1989,2009,21,SHAILER PARK OREGON DRVE
040764,-27.939,153.4283,3,2000,2011,12,GOLD COAST SEAWAY
040769,-26.8919,152.105,450,1988,1999,12,BLACKBUTT FORESTRY STN
040842,-27.3917,153.1292,4.5,2000,2011,12,BRISBANE AERO
040849,-27.9136,153.3657,3,1992,2011,20,COOMBABAH WATER TREATMENT PLANT
040854,-27.6839,153.1947,14,1992,2012,21,LOGAN CITY WATER TREATMENT PLANT
040856,-25.9007,153.0891,14.4,1992,2011,20,RAINBOW BEACH
040913,-27.4808,153.0389,8.1,2000,2011,12,BRISBANE
041018,-27.9317,151.9058,443,1972,2011,40,CLIFTON POST OFFICE
041044,-28.2061,152.1003,475.4,1952,2001,50,HERMITAGE
041056,-28.3344,152.2953,507,1972,2011,40,KILLARNEY POST OFFICE
041060,-28.0092,151.5861,366,1959,1996,38,LEYBURN
041063,-28.0106,151.5856,412,1997,2012,16,LEYBURN POST OFFICE
041097,-28.3429,150.9363,379,2000,2012,13,INGLEWOOD FOREST
041100,-28.8544,151.1681,295,1972,2011,40,TEXAS POST OFFICE
041116,-28.9231,151.9306,875,2002,2012,11,WALLANGARRA POST OFFICE
041122,-28.5725,150.7542,244,1969,2012,44,YELARBON
041139,-28.1672,150.6475,251,1973,2012,40,WYAGA STATION
041140,-27.1864,151.2553,343,1959,1992,34,DALBY REGIONAL COUNCIL
041175,-28.6217,151.9533,871.6,1965,2011,47,APPLETHORPE
041359,-27.4034,151.7413,405.7,1973,2012,40,OAKEY AERO
041430,-28.9653,151.47,438,1990,2011,22,GLENLYON DAM
041445,-28.2144,151.9194,478,1986,2011,26,LESLIE DAM
041457,-28.4225,151.2131,315,1976,2012,37,COOLMUNDA DAM
041497,-27.1494,151.2894,347,1985,2011,27,AAC DALBY CAMPUS
041512,-27.3825,151.9244,497,1991,2011,21,COOBY CREEK DAM
041521,-28.5211,150.3256,217.6,1991,2012,22,GOONDIWINDI AIRPORT
041522,-27.1605,151.2634,343.9,1992,2011,20,DALBY AIRPORT
041525,-28.2061,152.1003,475.4,1999,2011,13,WARWICK
042016,-27.3411,150.0619,283,1969,2011,43,HANNAFORD POST OFFICE
042027,-28.4872,149.47,180,1972,2012,41,TALWOOD STATE SCHOOL
042054,-26.1083,150.9617,366,1971,1989,19,CADARGA DPI
042059,-25.9525,150.6142,299,1972,2012,41,AUBURN
042085,-27.9167,150.1833,18,1973,1987,15,ULUPNA
042094,-27.8828,149.5925,225,1983,2011,29,CHERRY PARK
042102,-27.9364,150.1425,248,1987,2011,25,RIPPLE DOWNS
042112,-26.6569,150.1819,304.8,1997,2011,15,MILES CONSTANCE STREET
043015,-25.8428,148.5669,390,1968,2011,44,INJUNE POST OFFICE
043020,-26.4888,147.9777,336.5,1963,2011,49,MITCHELL POST OFFICE
043035,-27.159,149.0703,245.7,1972,2012,41,SURAT
043044,-26.6383,149.4261,326,1967,2012,46,YULEBA STATE FOREST
043053,-28.0533,148.5633,200,1966,1993,28,ST GEORGE
043090,-27.9067,148.6514,197,1993,2011,19,BEARDMORE DAM
043091,-26.5474,148.7716,307.4,1992,2011,20,ROMA AIRPORT
043109,-28.0489,148.5942,198.5,1997,2011,15,ST GEORGE AIRPORT
044021,-26.4139,146.2558,301.6,1953,2011,59,CHARLEVILLE AERO
044026,-28.0689,145.6822,188.8,1971,2012,42,CUNNAMULLA POST OFFICE
044030,-28.5758,148.2297,167,1972,2009,38,DIRRANBANDI HIGH SCHOOL
044079,-26.7731,147.3194,361,1993,2011,19,ALBURY
044115,-25.3353,147.3,538,1970,2011,42,CHESTERTON
044140,-26.8033,147.8742,356,1973,1993,21,ARCOONA
045015,-26.6125,144.2578,199.6,1963,2008,46,QUILPIE AIRPORT
046012,-31.5194,143.385,94.3,2000,2011,12,WILCANNIA AERODROME AWS
046037,-29.4345,142.0098,183,1984,2011,28,TIBOOBURRA POST OFFICE
047058,-32.3902,142.4164,64,1993,2011,19,MENINDEE DWR DEPOT
048015,-29.9614,146.8651,115,1996,2011,16,BREWARRINA HOSPITAL
048027,-31.484,145.8294,260,1962,2011,50,COBAR MO
048031,-29.5407,148.5818,145,1976,2011,36,COLLARENEBRI (ALBERT ST)
050102,-33.0833,147.15,199,1957,1974,18,CONDOBOLIN SOIL CONSERVATION
051049,-31.9861,147.9489,215,1968,2011,44,TRANGIE RESEARCH STATION AWS
052069,-30.2747,148.8222,155,1970,1983,14,PILLIGA (RIVERVIEW)
053048,-29.4819,149.8383,212.1,1964,1995,32,MOREE COMPARISON
053115,-29.4898,149.8471,213,1995,2011,17,MOREE AERO
054036,-29.2443,150.8923,440,1954,1969,16,WALLANGRA (WALLANGRA STATION)
054102,-30.3735,150.6723,620,1971,2011,41,BARRABA (ROSEVALE)
054104,-29.3899,151.2448,462,1971,2011,41,PINDARI DAM
054105,-30.3354,150.9338,880,1975,2011,37,BUNDARRA (GRANITE HEIGHTS)
054138,-30.156,150.3889,392,1976,2011,36,UPPER HORTON (DUNBEACON)
055024,-31.0261,150.2687,307,1946,2011,66,GUNNEDAH RESOURCE CENTRE
055054,-31.0867,150.8467,404,1958,1992,35,TAMWORTH AIRPORT
055136,-30.9672,151.3451,910,1971,2011,41,WOOLBROOK (DANGLEMAH ROAD)
055194,-31.3365,150.8537,518,1971,2011,41,GOWRIE NORTH
055235,-31.4833,151.15,500,1959,1977,19,NUNDLE SHIRE COUNCIL
055302,-31.3556,151.1358,520,1977,2010,34,NUNDLE (CHAFFEY DAM)
055327,-31.1259,150.8323,438,1993,2011,19,TAMWORTH (OXLEY LANE)
056013,-29.6953,151.6936,1060,1970,2011,42,GLEN INNES AG RESEARCH STN
056018,-29.7752,151.0819,664,1947,2010,64,INVERELL RESEARCH CENTRE
056022,-28.4622,152.3506,385,1973,2010,38,LEGUME (NEW KOREELAH)
056035,-30.9853,151.5942,1050,1965,1979,15,WALCHA POST OFFICE
056041,-29.1333,151.45,347,1954,1969,16,BONSHAW (MONKSTADT)
056059,-29.05,152.1,823,1956,1974,19,TENTERFIELD (COOREDULLA)
056140,-29.4684,151.6667,930,1962,2011,50,EMMAVILLE (BEN VALE)
056202,-28.9776,152.1552,820,1971,2011,41,BLACK SWAMP (MAXWELL)
057033,-30.5112,152.0427,960,1959,1982,24,WOLLOMOMBI POST OFFICE
057056,-30.75,152.0667,920,1964,1983,20,WOLLOMOMBI (HALLS PEAK)
057091,-30.7167,151.8531,1067,1975,2010,36,URALLA (BLUE NOBBY)
057095,-28.7551,152.4507,555,1969,2011,43,TABULAM (MUIRNE)
057103,-30.0093,152.0101,975,1969,2011,43,KOOKABOOKRA
057104,-31.2739,151.9655,1110,1959,2011,53,YARROWITCH (MARETTO)
057105,-31.0667,151.9167,1080,1959,1975,17,WALCHA (BULIMBA DOWNS)
058013,-28.3167,153.4333,5,1952,1972,21,CONDONG SUGAR MILL
058016,-28.424,152.7548,195,2000,2011,12,UNUMGAR (SUMMERLAND WAY)
058025,-29.7067,152.94,6,1952,1968,17,SOUTH GRAFTON POST OFFICE
058026,-28.4414,152.8296,140,1963,2000,38,GREVILLIA (SUMMERLAND WAY)
058044,-28.5966,153.2233,70,1963,2010,48,NIMBIN POST OFFICE
058072,-28.6533,153.4542,175,1965,1998,34,FEDERAL POST OFFICE
058076,-29.7,152.9333,8,1963,1981,19,GRAFTON SOUTH (PLUVIOGRAPH)
058081,-28.9667,152.8167,100,1963,1984,22,UPPER MONGOGARIE (KIMBERLEY)
058099,-29.2823,152.9886,50,1973,2011,39,WHIPORIE POST OFFICE
058109,-28.3672,153.1689,91,1965,1996,32,TYALGUM (KERRS LANE)
058113,-28.4738,153.0861,210,1978,2010,33,GREEN PIGEON (MORNING VIEW)
058116,-28.45,153,110,1965,1979,15,LYNCHS CREEK (WARRAZAMBLE ROAD)
058129,-28.4659,153.2631,61,1965,2008,44,KUNGHUR (THE JUNCTION)
058131,-28.8521,153.4556,140,1963,2011,49,ALSTONVILLE TROPICAL FRUIT RESEARCH STAT
058158,-28.3395,153.3809,8,1972,2011,40,MURWILLUMBAH (BRAY PARK)
058192,-28.9883,152.8809,70,1987,2011,25,UPPER MONGOGARIE (MARANGAROO)
059000,-30.8141,152.5129,95,1956,2010,55,BELLBROOK (EAST STREET)
059017,-31.077,152.8235,10,1956,2011,56,KEMPSEY (WIDE STREET)
059026,-30.3076,152.9874,145,1970,2011,42,UPPER ORARA (AURANIA)
059040,-30.3107,153.1187,5,1960,2011,52,COFFS HARBOUR MO
059067,-30.3439,152.7128,740,1954,1999,46,DORRIGO (MYRTLE ST)
060030,-31.9033,152.4496,21,1964,2005,42,TAREE (ROBERTSON ST)
060076,-31.4333,152.9,10,1952,1973,22,PORT MACQUARIE DMR
060080,-31.6274,152.443,670,1966,2011,46,COMBOYNE SOUTH
060085,-31.3865,152.2482,155,1969,2011,43,YARRAS (MOUNT SEAVIEW)
060104,-31.4138,151.598,1130,1971,2011,41,NOWENDOC (GREEN HILLS)
060106,-31.6647,152.0637,120,1977,2011,35,NUMBER ONE (MURRAYS CREEK)
060112,-32.0525,151.9147,125,1982,2011,30,GLOUCESTER (HIAWATHA)
061029,-33.2333,151.2,312,1969,1981,13,KULNURA (WILLIAM ROAD)
061078,-32.7932,151.8359,9,1952,2011,60,WILLIAMTOWN RAAF
061089,-32.0632,150.9272,216,1952,2011,60,SCONE SCS
061151,-32.2426,151.683,194,1960,2011,52,CHICHESTER DAM
061152,-32.9995,151.2908,165,1959,1971,13,CONGEWAI (GREENOCK)
061158,-32.5067,151.3779,60,1964,2011,48,GLENDON BROOK (LILYVALE)
061171,-32.5167,150.9667,90,1958,1980,23,JERRYS PLAINS (CARRINGTON)
061174,-32.9,151.2667,130,1958,1981,24,MILLFIELD COMPOSITE
061181,-32.75,151.1667,91.4,1959,1969,11,BROKE (OAKLEY)
061193,-32.9,151.0833,95,1959,1970,12,WOLLOMBI (STOCKYARD CREEK)
061209,-32.9597,150.675,280,1962,1983,22,PUTTY TEA ROOMS
061211,-33.3588,150.7058,320,1962,2010,49,COLO HEIGHTS (MOUNTAIN PINES)
061212,-32.3767,150.96,155,1964,1995,32,LIDDELL (POWER STATION)
061223,-32.9131,151.75,8,1964,1991,28,MARYVILLE
061238,-32.8143,151.3025,132,1962,2011,50,POKOLBIN (SOMERSET)
061240,-32.9667,151.1333,95,1955,1973,19,WOLLOMBI (BLAIR)
061250,-32.6296,151.5919,30,1975,2011,37,PATERSON (TOCAL AWS)
061287,-32.1852,150.1737,375,1969,2011,43,MERRIWA (ROSCOMMON)
061288,-32.3322,151.4595,200,1969,2011,43,LOSTOCK DAM
061309,-32.6881,150.9728,120,1969,2011,43,MILBRODALE (HILLSDALE)
061311,-32.7688,151.793,11,1975,2006,32,GRAHAMSTOWN (HUNTER WATER BOARD)
061334,-33.0488,150.2325,320,1970,2011,42,GLEN ALICE
061351,-33.3102,151.2443,280,1981,2010,30,PEATS RIDGE (WARATAH ROAD)
061390,-32.8905,151.707,21,1998,2011,14,NEWCASTLE UNIVERSITY
062005,-32.0051,149.9815,395,1967,2004,38,CASSILIS POST OFFICE
062020,-32.5014,150.0333,400,1965,1991,27,BYLONG (MONTORO)
062026,-32.8079,149.977,605,1955,1973,19,RYLSTONE (ILFORD RD)
062053,-32.2667,149.7333,440,1965,1974,10,ULAN POWER STATION
062102,-32.5204,150.0817,328,1991,2011,21,BYLONG (BYLONG ROAD)
063023,-33.8087,148.7071,381,1941,2011,71,COWRA RESEARCH CENTRE (EVANS ST)
063035,-33.0362,149.4146,870,1959,1975,17,HILL END POST OFFICE
063039,-33.7122,150.3087,1015,1965,2010,46,KATOOMBA (MURRI ST)
063043,-33.5343,150.6338,460,1965,2011,47,KURRAJONG HEIGHTS (BELLS LINE OF ROAD)
063108,-33.7167,149.8667,1050,1955,1988,34,OBERON DAM
063116,-34.0861,149.1391,680,1998,2011,14,BIGGA (WYOMING)
063253,-33.3167,149.05,975,1955,1973,19,ORANGE (ROSETEAGUE)
063254,-33.3211,149.0828,922,1984,2011,28,ORANGE AGRICULTURAL INSTITUTE
064009,-32.0159,149.3964,388,1959,1975,17,DUNEDOO POST OFFICE
064046,-31.2886,149.0687,860,1971,2011,41,COONABARABRAN (WESTMOUNT)
065035,-32.5059,148.9708,390,1961,2005,45,WELLINGTON RESEARCH CENTRE
065100,-32.9874,148.2288,360,1992,2011,20,ALECTOWN (CAWDOR)
066037,-33.9465,151.1731,6,1962,2011,50,SYDNEY AIRPORT AMO
066062,-33.8607,151.205,39,1913,2011,99,SYDNEY (OBSERVATORY HILL)
066063,-33.7206,151.1128,205,1949,1973,25,WAHROONGA RESERVOIR
066078,-34.0517,150.98,140,1959,1968,10,LUCAS HEIGHTS (ANSTO)
066124,-33.7917,151.0181,55,1984,2011,28,PARRAMATTA NORTH (MASONS DRIVE)
066137,-33.9181,150.9864,6.5,1968,1992,25,BANKSTOWN AIRPORT AWS
066142,-33.6761,151.1818,169,1987,2011,25,DUFFYS FOREST (NAMBA RD)
066164,-33.8771,151.0577,41,1973,1985,13,ROOKWOOD (HAWTHORNE AVE)
066184,-33.834,151.2484,85,1984,2011,28,MOSMAN COUNCIL
067006,-33.9,150.95,24,1961,1973,13,FAIRFIELD MWSDB
067033,-33.6022,150.7794,19,1953,1994,42,RICHMOND RAAF
067035,-33.9272,150.9128,20,1965,2001,37,LIVERPOOL(WHITLAM CENTRE)
067113,-33.7195,150.6783,24.7,1996,2011,16,PENRITH LAKES AWS
068076,-34.9449,150.545,109,1964,1997,34,NOWRA RAN AIR STATION
068102,-34.4869,150.4019,690,1992,2011,20,BOWRAL (PARRY DRIVE)
068117,-34.59,150.6085,760,1962,2005,44,ROBERTSON (ST.ANTHONYS)
068131,-34.4674,150.8813,9,1963,2011,49,PORT KEMBLA (BSL CENTRAL LAB)
068195,-34.6368,150.4026,568,1971,1992,22,MOSS VALE (TOROKINA)
068203,-35.085,150.23,760,1963,1983,21,SASSAFRAS (ETTREMA)
069000,-35.65,149.8167,160,1960,1970,11,ARALUEN POST OFFICE
069049,-35.1165,150.0847,630,1971,2011,41,NERRIGA COMPOSITE
069055,-37.2614,150.0497,20,1967,2002,36,GREEN CAPE LIGHTHOUSE
069066,-36.9296,149.646,300,1993,2011,19,WYNDHAM POST OFFICE
069127,-35.6864,149.8386,145,1980,2011,32,ARALUEN LOWER (ARALUEN RD)
069148,-35.9004,150.1437,4,1999,2011,13,MORUYA AIRPORT AWS
070012,-34.8996,149.9709,650,1965,2010,46,BUNGONIA (INVERARY PARK)
070014,-35.3049,149.2014,578.4,1937,2010,74,CANBERRA AIRPORT COMPARISON
070015,-35.3,149.1,581,1932,1971,40,CANBERRA FORESTRY
070073,-36.0329,149.1323,716,1965,2011,47,CHAKOLA (RIVERSDALE)
070080,-34.4048,149.8197,845,1977,2010,34,TARALGA POST OFFICE
070099,-35.28,149.11,,1921,1939,19,CANBERRA (ACTON)
070199,-36.0767,149.5134,1040,1965,2011,47,NUMERALLA (BADJA COMPOSITE)
070282,-35.2667,149.1167,564,1974,1988,15,CANBERRA CITY
071010,-35.8833,148.5,1395,1957,1967,11,KIANDRA CHALET
071042,-36.6022,148.4677,1215,1971,2011,41,INGEBYRA (GROSSES PLAINS)
072023,-36.1039,147.0329,184,1955,2011,57,HUME RESERVOIR
072056,-35.3947,148.247,308,1955,1973,19,BLOWERING DAM
072060,-36.2254,148.1431,337,1961,1994,34,KHANCOBAN SMHEA
072091,-35.9383,148.3842,1475,1956,1974,19,CABRAMURRA SMHEA
072099,-35.9111,148.2167,715,1971,1997,27,TOOMA (UPPINGHAM)
072150,-35.1583,147.4575,212,1945,2011,67,WAGGA WAGGA AMO
072159,-35.3019,147.9402,322,1993,2011,19,ADELONG (ETHAM PARK)
072163,-35.899,148.1821,585,1997,2011,15,TOOMA (EUDLO)
073007,-34.9997,148.5984,390,1911,2011,101,BURRINJUCK DAM
074039,-35.3667,145.05,91,1950,1977,28,DENILIQUIN FALKINER MEMORIAL
074114,-35.1311,147.3091,222,1946,2004,59,WAGGA WAGGA RESEARCH CENTRE
074128,-35.5269,144.952,93,1977,2003,27,DENILIQUIN (WILKINSON ST)
075028,-34.3183,146.0667,126,1931,1989,59,GRIFFITH CSIRO
075050,-33.6104,146.3161,192,1970,2011,42,NARADHAN (URALBA)
076031,-34.2358,142.0867,50,1953,2011,59,MILDURA AIRPORT
076064,-35.1201,142.004,105,1988,2011,24,WALPEUP RESEARCH
077087,-35.7253,142.3656,76.2,1958,1995,38,HOPETOUN RWC
077095,-35.6704,142.2688,82,1998,2011,14,HOPETOUN (WIRRBIBIAL DOWNS)
079023,-36.6613,142.0687,128,1998,2011,14,HORSHAM POLKEMMET RD
079046,-37.0936,142.4344,440,1974,2011,38,WARTOOK RESERVOIR
079052,-37.23,141.9609,220,1955,2011,57,ROCKLANDS RESERVOIR
079079,-36.7913,143.1207,228.6,1973,2011,39,TOTTINGTON
079082,-36.7007,142.2009,140,1958,1997,40,HORSHAM
079086,-36.8637,143.123,262.1,1973,2011,39,NAVARRE (AVON NO.3)
080006,-36.3,143.4,116.7,1951,1963,13,CHARLTON POST OFFICE
080067,-36.2717,143.3453,130,1951,2011,61,CHARLTON (DONALD ST)
080102,-36.0597,144.115,90,1973,1986,14,PYRAMID HILL
080109,-35.9119,145.6447,113,1957,2011,55,COBRAM (GOULBURN MURRAY)
080110,-35.7357,143.9295,77,1957,2004,48,KERANG GMW
081003,-36.7533,144.2825,225.3,1968,1992,25,BENDIGO PRISON
081013,-36.3717,145.7048,185,1950,2012,63,DOOKIE AGRICULTURAL COLLEGE
081026,-36.8339,143.8917,170,1973,2004,32,LAANECOORIE WEIR
081038,-36.9422,143.4711,198.1,1974,2011,38,NATTE YALLOCK
081049,-36.4378,145.2672,114,1960,2011,52,TATURA INST SUSTAINABLE AG
081114,-36.4344,145.2278,114,1975,1999,25,TATURA (THIESS SERVICES)
081115,-36.6284,144.8726,115,1974,2011,38,WANALTA DAEN STATION
081123,-36.7395,144.3266,208,1992,2011,20,BENDIGO AIRPORT
082011,-36.2003,147.8956,313.5,1972,2006,35,CORRYONG (PARISH LANE)
082016,-36.7545,145.5727,181,1967,2011,45,EUROA
082039,-36.1047,146.5094,175,1975,2011,37,RUTHERGLEN RESEARCH
082042,-36.8472,145.7308,502,1974,2011,38,STRATHBOGIE
082076,-36.5353,147.4984,365,1975,2011,37,DARTMOUTH RESERVOIR
082107,-36.855,146.0046,273,1968,2011,44,LIMA SOUTH (LAKE NILLAHCOOTIE)
082121,-36.35,146.3417,,1957,1993,37,OVENS RIVER (WANGARATTA)
082138,-36.4206,146.3056,152.6,1987,2010,24,WANGARATTA AERO
083017,-37.3014,146.1406,300,1974,2004,31,JAMIESON
083025,-37.1011,147.598,685,1985,2011,27,OMEO COMPARISON
083031,-36.7513,146.4156,240,1962,1991,30,WHITFIELD
083033,-37.5696,146.2541,680,1954,2011,58,WOODS POINT
083067,-36.7313,146.9614,319,1969,1994,26,BRIGHT
083074,-36.9136,146.3864,440,1988,2000,13,LAKE WILLIAM HOVELL RESERVOIR
083083,-36.7396,146.4671,365,1991,2011,21,EDI UPPER
084005,-37.5035,148.1692,140,1962,2011,50,BUCHAN
084015,-37.3757,147.8373,240,1972,2011,40,ENSAY
084030,-37.6917,148.4589,41,1994,2011,18,ORBOST (COMPARISON)
084040,-37.3721,149.474,151,1999,2011,13,WANGARABELL
084078,-37.7513,147.7301,8,1962,2011,50,SARSFIELD EAST
084085,-37.4315,149.0003,178,1987,2008,22,COMBIENBAR
084121,-37.7014,148.4569,45.4,1972,1994,23,ORBOST SRWSC
084122,-37.4772,149.6386,21,1966,2011,46,GENOA (FOOLS HAVEN)
084123,-37.3475,149.4806,210,1972,1999,28,WROXHAM NO 2
084125,-37.3811,147.1067,255,1972,2011,40,CROOKED RIVER
085026,-37.9743,146.3735,445,1959,1975,17,ERICA
085034,-37.9085,146.8046,95,1957,2011,55,GLENMAGGIE WEIR
085072,-38.1156,147.1322,4.6,1953,2011,59,EAST SALE AIRPORT
085098,-38.2,146.4,155.1,1936,1948,13,YALLOURN
085103,-38.1858,146.3317,153.6,1949,1972,24,YALLOURN SEC
085106,-38.4861,146.3233,182.9,1957,1978,22,OLSENS BRIDGE (MORWELL RIVER PRISON)
085111,-37.8,147.1,59.7,1959,1969,11,BRIAGOLONG
085170,-38.2211,146.5233,82,1961,1979,19,TRARALGON L.V.W.& S.B.
085176,-37.8283,146.18,838.2,1957,1991,35,TANJIL BREN POST OFFICE
085227,-38.5215,146.2041,263,1971,2011,41,EAST TARWIN (MIRBOO PASTORAL COMPANY)
085236,-38.3181,146.5645,184,1961,2011,51,CALLIGNEE NORTH
085237,-37.8833,146,236.2,1959,1978,20,NOOJEE ENGLISH HMSD
085240,-38.2456,145.9347,167,1961,2000,40,ELLINBANK DAIRY RESEARCH INST
085254,-37.8115,146.9567,38,1984,2011,28,VALENCIA CREEK (LITTLE PLAIN)
085256,-37.5125,146.5478,450,1974,2004,31,BARKLY RIVER (GLENLEA)
085277,-37.9039,145.9719,275,1981,2011,31,NOOJEE (SLIVAR)
085278,-37.7196,146.3888,495,1985,2011,27,ABERFELDY (LILY CREEK  (LAROMMI))
086038,-37.7276,144.9066,78.4,1951,1986,36,ESSENDON AIRPORT
086070,-37.639,145.5497,174,1956,1975,20,MAROONDAH WEIR (MELBOURNE WATER)
086071,-37.8075,144.97,31.2,1873,2011,139,MELBOURNE REGIONAL OFFICE
086074,-37.8219,145.1906,155,1939,1977,39,MITCHAM
086085,-37.9897,145.3356,120,1974,2011,38,NARRE WARREN NORTH (NARRE WARREN  NORTH
086096,-37.7214,145.0059,94,1929,1974,46,PRESTON RESERVOIR
086104,-37.871,145.2561,80,1961,1994,34,SCORESBY RESEARCH INSTITUTE
086142,-37.572,145.5014,595,1954,2012,59,TOOLANGI (MOUNT ST LEONARD DPI)
086147,-38.0333,145.1,5,1953,1973,21,ASPENDALE CSIRO
086219,-37.6886,145.5644,360,1955,1977,23,CORANDERRK BADGER WEIR
086224,-37.9764,145.2247,54,1965,1996,32,DANDENONG
086234,-37.7869,145.2847,115,1965,2011,47,CROYDON (COUNCIL DEPOT)
086245,-38.1167,145.1797,30,1967,1993,27,CARRUM DOWNS
086251,-37.9144,145.3317,219.5,1967,1995,29,UPWEY SHIRE COUNCIL
086282,-37.6655,144.8321,113.4,1970,2011,42,MELBOURNE AIRPORT
086314,-38.1992,145.4933,5.1,1957,2011,55,KOO WEE RUP (SRW)
086351,-37.7163,145.0453,83,1984,2011,28,BUNDOORA (LATROBE UNIVERSITY)
087017,-37.4701,144.3069,560,1974,2011,38,BLACKWOOD
087029,-37.2698,144.723,463,1929,1975,47,LANCEFIELD
087031,-37.8565,144.7566,20.1,1965,1999,35,LAVERTON RAAF
087032,-37.9,144.75,13.7,1965,1976,12,LAVERTON SALINES
087033,-37.991,144.4943,20,1965,2011,47,LITTLE RIVER
087036,-37.4155,144.5569,505,1929,1974,46,MACEDON FORESTRY
087039,-37.6649,144.5748,156,1984,2011,28,MELTON
087061,-37.5706,144.7411,200,1929,1967,39,SUNBURY (SALESIAN COLLEGE )
087075,-37.4964,144.5028,515.1,1966,2010,45,BULLENGAROOK EAST (SESKINORE)
087097,-37.7,144.3167,,1954,1973,20,PARWAN
087104,-37.9767,144.6317,13.7,1965,1991,27,WERRIBEE CATTLE YARDS
087105,-37.95,144.6167,12,1965,1982,18,WERRIBEE SEWERAGE FARM
087107,-37.9333,144.75,2.4,1965,1976,12,POINT COOK RAAF ACADEMY
087133,-38.1164,144.3667,12.2,1968,1996,29,GEELONG NORTH
088023,-37.2313,145.9124,230,1957,2011,55,LAKE EILDON
088029,-36.9579,144.6935,294,1968,2011,44,HEATHCOTE
088037,-37.2535,144.3825,487.6,1958,2011,54,LAURISTON RESERVOIR
088049,-37,145,213,1968,1988,21,PUCKAPUNYAL
088153,-37.0748,145.722,360,1973,1984,12,SPRING CREEK BASIN TWO
088158,-37.2714,145.2831,248,1991,2011,21,STRATH CREEK
089002,-37.5127,143.7911,435.2,1954,1999,46,BALLARAT AERODROME
089016,-37.711,142.8395,220,1968,2011,44,LAKE BOLAC (POST OFFICE)
089019,-37.4043,142.3843,248,1974,2011,38,MIRRANATWA (BOWACKA)
089025,-37.6854,143.3654,295,1974,1993,20,SKIPTON POST OFFICE
089082,-37.5042,143.2792,332,1974,2011,38,BEAUFORT (SHEEPWASH)
089085,-37.2772,142.9808,295,1981,2011,31,ARARAT PRISON
089111,-37.5174,143.7791,441,1999,2011,13,BALLARAT HOPETOUN RD
090058,-38.0853,142.79,130,1973,1996,24,MORTLAKE
090083,-38.6357,143.5127,492,1974,2011,38,WEEAPROINAH
090087,-38.6636,143.4495,535,1952,2011,60,WYELANGTA
090135,-37.5908,141.4129,71,1973,2010,38,CASTERTON SHOWGROUNDS
090153,-38.255,143.1256,245,1957,2011,55,CAMPERDOWN  DONALDS HILL
090166,-38.2453,143.9764,90,1974,1997,24,WINCHELSEA SHIRE DEPOT
090167,-38.243,143.9887,85,1998,2011,14,WINCHELSEA (POST OFFICE)
091000,-41.5211,146.7158,237,2002,2012,11,DELORAINE (ATHOL)
091009,-41.0661,145.9431,8,1944,2012,69,BURNIE (ROUND HILL)
091033,-41.3203,146.7378,240,1957,1975,19,FRANKFORD (ROSSVILLE)
091038,-41.6333,146.7,380,1957,1978,22,GOLDEN VALLEY
091049,-41.4264,147.1275,3,1931,1963,33,LAUNCESTON (PUMP STATION)
091079,-41.0867,145.5517,260,1971,2001,31,PREOLENNA
091104,-41.5397,147.2033,166,1938,2009,72,LAUNCESTON AIRPORT COMPARISON
091116,-41.15,147.5167,199.9,1953,1969,17,SCOTTSDALE (KRAFT FOODS)
091186,-41.2039,146.265,127,1976,2011,36,FORTHSIDE RESEARCH STATION
091194,-41.3456,147.8036,710,1957,2011,55,MOUNT VICTORIA (UNA PLAIN)
091198,-41.3917,147.4242,1313,1968,2011,44,MOUNT BARROW (SOUTH BARROW)
091219,-41.1708,147.4883,197.5,1987,2012,26,SCOTTSDALE (WEST MINSTONE ROAD)
091237,-41.4194,147.1222,5,1980,2011,32,LAUNCESTON (TI TREE BEND)
091270,-41.2994,147.495,635,2001,2012,12,DIDDLEUM (SOWTERS ROAD)
091290,-41.6308,146.7,487,1996,2011,16,GOLDEN VALLEY (BRODIES ROAD)
091323,-41.0953,145.5453,354,2001,2011,11,PREOLENNA
092012,-41.6428,147.9664,237,1979,2011,33,FINGAL (LEGGE STREET)
092019,-42.0067,147.7975,575,1957,2011,55,LAKE LEAKE (ELIZABETH RIVER)
092042,-41.5333,147.8667,427,1957,1985,29,TOWER HILL
092079,-42.2133,147.7831,468.5,1957,1976,20,TOOMS LAKE (TOOMS RIVER)
092085,-42.0097,147.7933,580,1971,1989,19,LAKE LEAKE (CHALET)
092099,-42.7153,147.7525,318,1997,2012,16,NUGENT (TWILIGHT VALLEY)
093053,-42.025,147.4953,186,1996,2011,16,ROSS (THE BOULEVARDS)
094008,-42.8339,147.5033,4,1960,2011,52,HOBART AIRPORT
094025,-42.8494,147.2547,93,1998,2011,14,GLENORCHY (GLENORCHY RESERVOIR)
094029,-42.8897,147.3278,50.5,1911,2011,101,HOBART (ELLERSLIE ROAD)
094066,-42.9156,147.2464,720,1998,2010,13,MOUNT WELLINGTON (THE SPRINGS)
094069,-42.983,147.0771,63,1961,2010,50,GROVE (COMPARISON)
094137,-43.1639,146.9172,55,1979,2011,33,GEEVESTON (CEMETERY ROAD)
094157,-43.1639,147.8333,191.5,1999,2010,12,PORT ARTHUR (PALMERS LOOKOUT)
094163,-43.0156,147.3275,36,1998,2011,14,BLACKMANS BAY TREATMENT PLANT
094204,-42.6525,147.3578,335,1997,2007,11,TEA TREE POINT
095018,-42.3003,146.4486,585,1964,2011,48,TARRALEAH VILLAGE
095048,-42.4842,146.7106,90,1996,2012,17,OUSE FIRE STATION
096014,-42.2539,146.62,665,1963,1993,31,LAKE ECHO POWER STATION
096015,-42.1,146.2167,735,1954,1989,36,LAKE ST CLAIR (HEC)
096044,-42.1025,146.7544,910,1963,1990,28,PENSTOCK LAGOON (PIPELINE)
097006,-41.9933,145.5725,665,1996,2012,17,LAKE MARGARET DAM
097008,-42.0661,145.5681,191,1963,2003,41,QUEENSTOWN (COPPER MINE)
097047,-41.4892,145.2083,352,1966,1989,24,SAVAGE RIVER MINE
097053,-42.7681,146.0461,322,1996,2011,16,STRATHGORDON VILLAGE
098000,-40.0092,144.1111,18,1997,2012,16,CITY OF MELBOURNE BAY
099014,-40.0194,148.1825,12,1997,2011,15,MEMANA (BABEL FARM)
200283,-16.2878,149.9652,8.1,1958,2011,54,WILLIS ISLAND
200284,-12.1892,96.8344,3,1971,2011,41,COCOS ISLAND AIRPORT
200440,-31.55,159.0833,46,1946,1988,43,LORD HOWE ISLAND
200790,-10.4528,105.6875,261,1972,2011,40,CHRISTMAS ISLAND AERO
200839,-31.5421,159.0786,5,1988,2011,24,LORD HOWE ISLAND AERO
